[
	{
		"title": "企业信息及备案查询",
		"content": [
			{
				"name": "天眼查-商业查询平台",
				"url": "https://www.tianyancha.com/",
				"source": "互联网",
				"desc": "企业工商信息查询,子公司,备案域名,公众号等"
			},
			{
				"name": "小蓝本",
				"url": "https://www.xiaolanben.com/",
				"source": "互联网",
				"desc": "小蓝本-商业信息搜索"
			},
			{
				"name": "爱企查-工商信息查询",
				"url": "https://aiqicha.baidu.com/",
				"source": "互联网",
				"desc": "爱企查 -（免费导出/免费调用）"
			},
			{
				"name": "企查查-企业工商信息查询系统",
				"url": "https://www.qcc.com/",
				"source": "互联网",
				"desc": "企查查 - 企业工商信息查询"
			},
			{
				"name": "OpenCorporates",
				"url": "https://opencorporates.com/",
				"source": "互联网",
				"desc": "国外的世界上最大的公司公开数据库"
			},
			{
				"name": "启信宝-企业查询",
				"url": "https://www.qixin.com/",
				"source": "互联网",
				"desc": "启信宝是一款快速精准的 企业信息查询工具"
			},
			{
				"name": "ICP备案查询 - 站长工具",
				"url": "http://icp.chinaz.com/",
				"source": "互联网",
				"desc": "站长之家备案查询,可以白嫖导出"
			},
			{
				"name": "ICP/IP地址/域名信息备案管理系统",
				"url": "https://beian.miit.gov.cn/",
				"source": "互联网",
				"desc": "ICP/IP地址/域名信息备案管理系统"
			},
			{
				"name": "搜狗微信搜索",
				"url": "https://weixin.sogou.com/",
				"source": "互联网",
				"desc": "搜索微信搜索，订阅号及文章内容都可以搜"
			},
			{
				"name": "Wayback Machine",
				"url": "http://web.archive.org/",
				"source": "互联网",
				"desc": "历史网站镜像 - 互联网档案馆"
			},
			{
				"name": "ICP备案信息查询工具",
				"url": "https://www.icplist.com/",
				"source": "互联网",
				"desc": "备案批量查询工具-ICP备案查询"
			}
		]
	},
	{
		"title": "IP/IP段信息查询",
		"content": [
			{
				"name": "IPIP.NET_专业的 IP 地址库",
				"url": "https://www.ipip.net/",
				"source": "互联网",
				"desc": "IPIP.NET - 专业IP地址查询"
			},
			{
				"name": "Hurricane Electric BGP Toolkit",
				"url": "https://bgp.he.net/",
				"source": "互联网",
				"desc": "IP信息查询,IP WHOIS信息查询"
			},
			{
				"name": "警戒区 · IP信息查询",
				"url": "https://jingjiequ.com/tools/ip",
				"source": "互联网",
				"desc": "IP信息查询,IPIP/纯真(可批量查询/导出)"
			},
			{
				"name": "IPUU 埃文科技IP查询",
				"url": "https://ipuu.net/#/home",
				"source": "互联网",
				"desc": "IPUU 埃文科技IP查询 定位比较准"
			},
			{
				"name": "openGPS.cn",
				"url": "https://opengps.cn/Data/IP/LocHighAcc.aspx",
				"source": "互联网",
				"desc": "openGPS.cn位置服务 高精度IP定位"
			},
			{
				"name": "IP Address Tools Online",
				"url": "https://www.ipvoid.com/",
				"source": "互联网",
				"desc": "ipvoid.com IP Address Tools Online"
			}
		]
	},
	{
		"title": "子域名类",
		"content": [
			{
				"name": "SecurityTrails",
				"url": "https://securitytrails.com/",
				"source": "互联网",
				"desc": "SecurityTrails - 全球最大DNS数据查询"
			},
			{
				"name": "phpinfo.me 在线子域名查询",
				"url": "https://phpinfo.me/domain/",
				"source": "互联网",
				"desc": "phpinfo.me 在线子域名查询"
			},
			{
				"name": "Subdomain - RapidDNS",
				"url": "https://rapiddns.io/subdomain",
				"source": "互联网",
				"desc": "RapidDNS Subdomain"
			},
			{
				"name": "在线二级域名子域名查询",
				"url": "http://tools.bugscaner.com/subdomain/",
				"source": "互联网",
				"desc": "bugscaner 在线二级域名子域名查询"
			},
			{
				"name": "DNSGrep 子域名查询",
				"url": "https://www.dnsgrep.cn/subdomain",
				"source": "互联网",
				"desc": "DNSGrep 子域名查询（支持导出）"
			},
			{
				"name": "子域名查询 站长工具",
				"url": "http://tool.chinaz.com/subdomain/",
				"source": "互联网",
				"desc": "chinaz 的子域名查询（支持权重，流量查看）"
			},
			{
				"name": "子域名查询 查子域名",
				"url": "https://chaziyu.com/",
				"source": "互联网",
				"desc": "chaziyu.com 查子域 在线子域名查询"
			},
			{
				"name": "crt.sh | Certificate Search",
				"url": "https://crt.sh/",
				"source": "互联网",
				"desc": "crt.sh 根据证书进行子域名搜集"
			},
			{
				"name": "子域名在线查询",
				"url": "https://www.dnsscan.cn/",
				"source": "互联网",
				"desc": "DNS查询工具-千寻域名资产在线搜索引擎"
			},
			{
				"name": "BinaryEdge",
				"url": "https://binaryedge.io/",
				"source": "互联网",
				"desc": "BinaryEdge 互联网资产搜索引擎"
			},
			{
				"name": "ruo.me",
				"url": "https://ruo.me/",
				"source": "互联网",
				"desc": "ruo.me 在线子域名查询"
			}
		]
	},
	{
		"title": "IP反查类",
		"content": [
			{
				"name": "微步在线 IP反查域名",
				"url": "https://x.threatbook.cn/",
				"source": "互联网",
				"desc": "微步在线 IP反查域名(需积分购买)"
			},
			{
				"name": "RapidDNS Same IP Website",
				"url": "https://rapiddns.io/sameip",
				"source": "互联网",
				"desc": "RapidDNS Same IP Website"
			},
			{
				"name": "bugscaner 在线同IP网站查询工具",
				"url": "http://dns.bugscaner.com/",
				"source": "互联网",
				"desc": "bugscaner 在线同IP网站查询工具"
			},
			{
				"name": "IP138 iP或域名查询",
				"url": "http://site.ip138.com/",
				"source": "互联网",
				"desc": "IP138 iP或域名查询"
			},
			{
				"name": "Reverse IP Lookup",
				"url": "hackertarget.com/reverse-ip-lookup/",
				"source": "互联网",
				"desc": "hackertarget IP反查域名"
			},
			{
				"name": "爱站网 IP反查域名",
				"url": "https://dns.aizhan.com/",
				"source": "互联网",
				"desc": "爱站网 IP反查域名"
			},
			{
				"name": "同IP网站查询",
				"url": "http://s.tool.chinaz.com/same",
				"source": "互联网",
				"desc": "站长之家(CHINAZ) 同IP网站查询"
			},
			{
				"name": "IPIP.NET IP反查域名",
				"url": "https://tools.ipip.net/ipdomain.php",
				"source": "互联网",
				"desc": "IPIP.NET IP反查域名"
			},
			{
				"name": "yougetsignal IP反查域名",
				"url": "yougetsignal.com/tools",
				"source": "互联网",
				"desc": "yougetsignal IP反查域名"
			},
			{
				"name": "domaintools.com Reverse IP Lookup",
				"url": "https://reverseip.domaintools.com/",
				"source": "互联网",
				"desc": "domaintools.com Reverse IP Lookup"
			},
			{
				"name": "dnslytics IP在线反查",
				"url": "https://dnslytics.com/reverse-ip",
				"source": "互联网",
				"desc": "dnslytics IP在线反查"
			},
			{
				"name": "viewdns.info Reverse IP Lookup",
				"url": "https://viewdns.info/reverseip/",
				"source": "互联网",
				"desc": "viewdns.info Reverse IP Lookup"
			},
			{
				"name": "webscan.cc 同IP网站查询,C段,IP反查",
				"url": "https://www.webscan.cc/",
				"source": "互联网",
				"desc": "webscan.cc 同IP网站查询,C段查询,IP反查域名"
			}
		]
	},
	{
		"title": "网盘资源类",
		"content": [
			{
				"name": "凌风云搜索 网盘搜索，云盘资源",
				"url": "https://www.lingfengyun.com/",
				"source": "互联网",
				"desc": "凌风云搜索 网盘搜索(需登录)"
			},
			{
				"name": "大力盘 - 网盘搜索引擎",
				"url": "https://www.dalipan.com/#/",
				"source": "互联网",
				"desc": "大力盘 - 网盘搜索引擎"
			},
			{
				"name": "云盘狗-百度云网盘搜索",
				"url": "http://yunpangou.com/",
				"source": "互联网",
				"desc": "云盘狗-百度云网盘搜索"
			},
			{
				"name": "58 网盘搜索",
				"url": "https://www.58wangpan.com/",
				"source": "互联网",
				"desc": "58 网盘搜索 别被名字迷惑了 百度网盘也能搜"
			},
			{
				"name": "盘131 百度云搜索引擎",
				"url": "https://www.pan131.com/",
				"source": "互联网",
				"desc": "盘131 百度云搜索引擎"
			},
			{
				"name": "搜盘网（原盘子网），网盘搜索引擎",
				"url": "http://www.soupan.info/",
				"source": "互联网",
				"desc": "搜盘网（原盘子网），网盘搜索引擎"
			}
		]
	},
	{
		"title": "DNS 在线工具",
		"content": [
			{
				"name": "nip.io - ",
				"url": "https://nip.io/",
				"source": "互联网",
				"desc": "nip.io - wildcard DNS for any IP Address"
			},
			{
				"name": "ViewDNS.info - DNS工具箱!",
				"url": "https://viewdns.info/",
				"source": "互联网",
				"desc": "ViewDNS.info - DNS工具箱!"
			},
			{
				"name": "DNS Spy: Paranoid about your DNS.",
				"url": "https://dnsspy.io/",
				"source": "互联网",
				"desc": "DNS Spy: Paranoid about your DNS."
			},
			{
				"name": "tool.lu DNS查询在线工具",
				"url": "https://tool.lu/dns",
				"source": "互联网",
				"desc": "tool.lu DNS查询在线工具"
			},
			{
				"name": "IPIP.NET DNS在线查询",
				"url": "https://tools.ipip.net/dns.php",
				"source": "互联网",
				"desc": "IPIP.NET DNS在线查询"
			},
			{
				"name": "站长之家DNS在线检测",
				"url": "http://tool.chinaz.com/dns/",
				"source": "互联网",
				"desc": "站长之家chinaz DNS在线检测"
			},
			{
				"name": "intoDNS: checks DNS",
				"url": "https://intodns.com/",
				"source": "互联网",
				"desc": "intoDNS: DNS检查和邮件服务器的运行状况"
			},
			{
				"name": "Leaf DNS",
				"url": "http://leafdns.com/",
				"source": "互联网",
				"desc": "leafdns 免费的全面DNS检测"
			},
			{
				"name": "PTRarchive.com Reverse DNS Entries",
				"url": "http://ptrarchive.com/",
				"source": "互联网",
				"desc": "PTRarchive.com 历史DNS记录"
			},
			{
				"name": "SecurityTrails",
				"url": "https://securitytrails.com/",
				"source": "互联网",
				"desc": "SecurityTrails 世界上最大DNS数据库"
			}
		]
	},
	{
		"title": "DNSLog 平台",
		"content": [
			{
				"name": "DNSLog Platform",
				"url": "http://www.dnslog.cn/",
				"source": "互联网",
				"desc": "DNSLog.cn 无需注册即可使用的DNSLog平台"
			},
			{
				"name": "CEYE.io",
				"url": "http://ceye.io/",
				"source": "互联网",
				"desc": "CEYE.io - DNSLog 平台"
			},
			{
				"name": "Interact.sh | Web Client",
				"url": "https://app.interactsh.com/#/",
				"source": "互联网",
				"desc": "Interact.sh | Web Client"
			},
			{
				"name": "eyes.sh",
				"url": "http://eyes.sh/",
				"source": "互联网",
				"desc": "DNSLog/HTTPLog tool for pentesters"
			},
			{
				"name": "T00LS DNSLog",
				"url": "https://www.t00ls.com/dnslog.html",
				"source": "互联网",
				"desc": "T00LS DNSLog（需登录）"
			},
			{
				"name": "DNSLog.pw",
				"url": "http://dnslog.pw/",
				"source": "互联网",
				"desc": "dnslog.pw"
			},
			{
				"name": "Dig.pm",
				"url": "https://dig.pm/",
				"source": "互联网",
				"desc": "Dig.pm"
			},
			{
				"name": "dnslog.ink",
				"url": "http://dnslog.ink/",
				"source": "互联网",
				"desc": "dnslog.ink"
			}
		]
	},
	{
		"title": "域名信息查询(WHOIS)",
		"content": [
			{
				"name": "站长之家 域名Whois信息查询",
				"url": "https://whois.chinaz.com/",
				"source": "互联网",
				"desc": "站长之家 域名Whois信息查询"
			},
			{
				"name": "阿里云 域名信息查询（WHOIS）",
				"url": "https://whois.aliyun.com/",
				"source": "互联网",
				"desc": "阿里云 域名信息查询（WHOIS）"
			},
			{
				"name": "腾讯云 域名信息（WHOIS）查询",
				"url": "https://whois.cloud.tencent.com/",
				"source": "互联网",
				"desc": "腾讯云 域名信息（WHOIS）查询"
			},
			{
				"name": "微步在线 Whois信息查询",
				"url": "https://x.threatbook.cn/",
				"source": "互联网",
				"desc": "微步在线 Whois信息查询(需要登录/需要积分)"
			},
			{
				"name": "GoDaddy WHOIS 域名查询",
				"url": "https://sg.godaddy.com/zh/whois",
				"source": "互联网",
				"desc": "GoDaddy WHOIS 域名查询"
			},
			{
				"name": "Whois.com - Free Whois Lookup",
				"url": "https://www.whois.com/whois/",
				"source": "互联网",
				"desc": "Whois.com - Free Whois Lookup"
			},
			{
				"name": "Alexa Whois域名注册信息查询",
				"url": "http://whois.alexa.cn/",
				"source": "互联网",
				"desc": "Alexa Whois域名注册信息查询"
			},
			{
				"name": "爱站网 Whois查询",
				"url": "https://whois.aizhan.com/",
				"source": "互联网",
				"desc": "爱站网 Whois查询"
			}
		]
	},
	{
		"title": "WEB应用指纹平台",
		"content": [
			{
				"name": "在线cms指纹识别",
				"url": "http://whatweb.bugscaner.com/look/",
				"source": "互联网",
				"desc": "bugscaner 在线cms指纹识别 可批量查询"
			},
			{
				"name": "Wappalyzer",
				"url": "https://github.com/AliasIO/wappalyzer",
				"source": "互联网",
				"desc": "Wappalyzer 指纹识别 (浏览器插件) ！"
			},
			{
				"name": "TideFinger 潮汐指纹在线识别",
				"url": "http://finger.tidesec.net/",
				"source": "互联网",
				"desc": "TideFinger 潮汐指纹在线识别 需登录"
			},
			{
				"name": "GodEye Web指纹识别平台",
				"url": "https://www.godeye.vip/",
				"source": "互联网",
				"desc": "GodEye Web指纹识别平台 同样需要登录"
			},
			{
				"name": "云悉指纹",
				"url": "https://www.yunsee.cn/",
				"source": "互联网",
				"desc": "云悉指纹 这个不仅需要登录 还需要实名！"
			},
			{
				"name": "WhatWeb",
				"url": "https://github.com/urbanadventurer/WhatWeb",
				"source": "互联网",
				"desc": "ruby写的Web指纹识别工具 非在线工具！"
			},
			{
				"name": "数字观星 Finger-P",
				"url": "https://fp.shuziguanxing.com/#/",
				"source": "互联网",
				"desc": "感谢Alex-null的提交,没用过 不知道效果。"
			},
			{
				"name": "SitesMeta-站点技术栈检测",
				"url": "https://www.sitesmeta.com/",
				"source": "互联网",
				"desc": "检测网站使用了什么技术"
			},
			{
				"name": "What CMS Is This Site Using?",
				"url": "https://whatcms.org/",
				"source": "互联网",
				"desc": "网站使用什么CMS检测"
			}
		]
	},
	{
		"title": "威胁情报平台",
		"content": [
			{
				"name": "微步在线 情报社区",
				"url": "https://x.threatbook.cn/",
				"source": "互联网",
				"desc": "微步在线 X情报社区 推荐"
			},
			{
				"name": "奇安信 威胁情报中心",
				"url": "https://ti.qianxin.com/",
				"source": "互联网",
				"desc": "奇安信 威胁情报中心"
			},
			{
				"name": "VenusEye 威胁情报中心",
				"url": "https://www.venuseye.com.cn/",
				"source": "互联网",
				"desc": "VenusEye 威胁情报中心"
			},
			{
				"name": "绿盟科技 威胁情报云",
				"url": "https://ti.nsfocus.com/",
				"source": "互联网",
				"desc": "绿盟科技 威胁情报云"
			},
			{
				"name": "IBM 情报中心",
				"url": "https://exchange.xforce.ibmcloud.com/",
				"source": "互联网",
				"desc": "IBM 情报中心"
			},
			{
				"name": "天际友盟 安全智能服务平台",
				"url": "https://redqueen.tj-un.com",
				"source": "互联网",
				"desc": "天际友盟 安全智能服务平台"
			},
			{
				"name": "华为安全中心平台",
				"url": "https://isecurity.huawei.com/sec",
				"source": "互联网",
				"desc": "华为安全中心平台"
			},
			{
				"name": "VirusTotal 在线查杀平台",
				"url": "https://www.virustotal.com/gui/",
				"source": "互联网",
				"desc": "VirusTotal 在线查杀平台"
			},
			{
				"name": "安恒威胁情报中心",
				"url": "https://ti.dbappsecurity.com.cn/",
				"source": "互联网",
				"desc": "安恒威胁情报中心"
			},
			{
				"name": "360 威胁情报中心",
				"url": "https://ti.360.cn/#/homepage",
				"source": "互联网",
				"desc": "360 威胁情报中心"
			},
			{
				"name": "AlienVault - Open Threat Exchange",
				"url": "https://otx.alienvault.com/",
				"source": "互联网",
				"desc": "世界上第一个真正的开放威胁情报社区"
			},
			{
				"name": "ANY.RUN",
				"url": "https://app.any.run/",
				"source": "互联网",
				"desc": "Any.Run:免费的交互式恶意软件分析工具"
			},
			{
				"name": "深信服 威胁情报中心",
				"url": "https://sec.sangfor.com.cn/",
				"source": "互联网",
				"desc": "深信服 威胁情报中心"
			},
			{
				"name": "丁爸 情报分析师的工具箱",
				"url": "http://dingba.top/",
				"source": "互联网",
				"desc": "丁爸 情报分析师的工具箱，聚合类情报网站."
			},
			{
				"name": "听风者情报源 start.me",
				"url": "https://start.me/p/X20Apn",
				"source": "互联网",
				"desc": "收集了蛮多的情报类工具/资源."
			},
			{
				"name": "GreyNoise Visualizer",
				"url": "https://viz.greynoise.io/",
				"source": "互联网",
				"desc": "GreyNoise 社区."
			},
			{
				"name": "URLhaus 数据库",
				"url": "https://urlhaus.abuse.ch/browse/",
				"source": "互联网",
				"desc": "新的恶意软件URL或URLhaus数据库."
			},
			{
				"name": "Pithus",
				"url": "https://beta.pithus.org/",
				"source": "互联网",
				"desc": "一个免费的开源移动威胁情报平台."
			}
		]
	},
	{
		"title": "数据泄漏查询",
		"content": [
			{
				"name": "reg007 你注册过哪些网站？",
				"url": "https://www.reg007.com/",
				"source": "互联网",
				"desc": "reg007 你注册过哪些网站？ 需邀请码."
			},
			{
				"name": "Firefox 电子邮件泄漏查询",
				"url": "https://monitor.firefox.com/",
				"source": "互联网",
				"desc": "Firefox 电子邮件泄漏查询"
			},
			{
				"name": "Have I Been Pwned",
				"url": "https://haveibeenpwned.com/",
				"source": "互联网",
				"desc": "haveibeenpwned 检查电子邮件是否泄漏过"
			},
			{
				"name": "DeHashed — #FreeThePassword",
				"url": "https://dehashed.com/",
				"source": "互联网",
				"desc": "通过用户名、邮箱、地址搜索泄漏"
			},
			{
				"name": "OCCRP Aleph",
				"url": "https://aleph.occrp.org/",
				"source": "互联网",
				"desc": "Aleph 查询公共记录和泄漏信息"
			},
			{
				"name": "Snusbase - Database Search Engine",
				"url": "https://snusbase.com/",
				"source": "互联网",
				"desc": "SnusBase 最长的数据泄露搜索引擎"
			},
			{
				"name": "Vigilante.pw",
				"url": "https://vigilante.pw/",
				"source": "互联网",
				"desc": "vigilante.pw 搜索数据泄露事件"
			},
			{
				"name": "CheckUsernames",
				"url": "https://checkusernames.com/",
				"source": "互联网",
				"desc": "从160个社交网检查泄漏情况"
			}
		]
	},
	{
		"title": "匿名邮箱/短信类",
		"content": [
			{
				"name": "ProtonMail:免费的加密电子邮箱",
				"url": "https://mail.protonmail.com/",
				"source": "互联网",
				"desc": "ProtonMail:免费的加密电子邮箱"
			},
			{
				"name": "mfk.app 免费临时电子邮件地址",
				"url": "https://www.8164.cc/",
				"source": "互联网",
				"desc": "mfk.app 免费临时电子邮件地址"
			},
			{
				"name": "Temp Mail - 临时性 - 匿名电子邮件",
				"url": "https://temp-mail.org/",
				"source": "互联网",
				"desc": "Temp Mail - 临时性 - 匿名电子邮件"
			},
			{
				"name": "查错临时邮箱",
				"url": "http://24mail.chacuo.net/",
				"source": "互联网",
				"desc": "chacuo.net 临时邮箱"
			},
			{
				"name": "隐私短信 在线短信验证码接收码平台",
				"url": "https://www.yinsiduanxin.com/",
				"source": "互联网",
				"desc": "隐私短信 在线短信验证码接收码平台"
			},
			{
				"name": "云短信验证码接收平台",
				"url": "https://www.bfkdim.com/",
				"source": "互联网",
				"desc": "超级云短信 在线短信接收"
			},
			{
				"name": "smsrflogo SMSReceiveFree",
				"url": "https://smsreceivefree.com/",
				"source": "互联网",
				"desc": "smsrflogo SMSReceiveFree"
			},
			{
				"name": "云短信 在线短信接收 materialtools",
				"url": "https://www.materialtools.com/",
				"source": "互联网",
				"desc": "云短信 在线短信接收 materialtools"
			},
			{
				"name": "临时edu邮箱 EDU MAIL",
				"url": "https://mail.mjj.edu.ge/",
				"source": "互联网",
				"desc": "临时邮箱- 免费edu邮箱,感谢:Alex-null 提交"
			},
			{
				"name": "5SIM虚拟号码接码平台",
				"url": "https://5sim.net/",
				"source": "互联网",
				"desc": "5SIM虚拟号码接码平台"
			},
			{
				"name": "Snapmail.cc 临时邮箱",
				"url": "https://www.snapmail.cc/",
				"source": "互联网",
				"desc": "Snapmail.cc 临时邮箱"
			}
		]
	},
	{
		"title": "破解/MD5加解密类",
		"content": [
			{
				"name": "CMD5 md5在线解密破解",
				"url": "https://www.cmd5.com/",
				"source": "互联网",
				"desc": "CMD5 md5在线解密破解,md5解密加密"
			},
			{
				"name": "SOMD5 免费解密平台",
				"url": "https://www.somd5.com/",
				"source": "互联网",
				"desc": "SOMD5 MD5在线免费解密平台"
			},
			{
				"name": "输入目标信息 猜测可能使用的密码",
				"url": "https://www.hacked.com.cn/pass.html",
				"source": "互联网",
				"desc": "Hacked.com.cn 猜密码平台"
			},
			{
				"name": "hashC - Online Hash",
				"url": "https://hashc.co.uk/",
				"source": "互联网",
				"desc": "hashC 是完美的在线破解服务网站"
			},
			{
				"name": "CrackStation",
				"url": "https://crackstation.net/",
				"source": "互联网",
				"desc": "Online Password Hash Cracking"
			},
			{
				"name": "Online Password Recovery",
				"url": "https://passwordrecovery.io/",
				"source": "互联网",
				"desc": "Online Password Recovery 在线密码恢复"
			},
			{
				"name": "在线随机密码生成工具",
				"url": "https://www.hacked.com.cn/password.php",
				"source": "互联网",
				"desc": "Hacked 在线随机密码生成工具"
			},
			{
				"name": "MD5在线加密/解密/破解",
				"url": "https://www.sojson.com/md5/",
				"source": "互联网",
				"desc": "sojson MD5在线加密/解密/破解—MD5在线"
			},
			{
				"name": "Hash Analyzer",
				"url": "tunnelsup.com/hash-analyzer/",
				"source": "互联网",
				"desc": "识别哈希类型的在线工具"
			},
			{
				"name": "Hash Toolkit",
				"url": "hashtoolkit.com/decrypt-sha1-hash/",
				"source": "互联网",
				"desc": "最佳SHA1 MD5解密网站 哈希工具包"
			},
			{
				"name": "Ophcrack | Objectif Securite",
				"url": "https://www.objectif-securite.ch/ophcrack",
				"source": "互联网",
				"desc": "Ophcrack 是一种基于彩虹表方法的密码破解程序"
			}
		]
	},
	{
		"title": "快捷命令生成类",
		"content": [
			{
				"name": "反弹Shell命令一键生成",
				"url": "https://forum.ywhack.com/reverse-shell/",
				"source": "互联网",
				"desc": "在线反弹shell命令生成 - EdgeSecurity"
			},
			{
				"name": "文件下载命令快捷生成",
				"url": "ywhack.com/bountytips.php?download",
				"source": "互联网",
				"desc": "文件下载命令快捷生成 - EdgeSecurity"
			},
			{
				"name": "java.lang.Runtime.exec() Payload Workarounds",
				"url": "http://www.jackson-t.ca/runtime-exec-payloads.html",
				"source": "互联网",
				"desc": "java.lang.Runtime.exec() Payload Workarounds"
			},
			{
				"name": "hacking8 备忘录",
				"url": "https://www.hacking8.com/cheatsheet",
				"source": "互联网",
				"desc": "hacking8 备忘录 常用命令记录"
			},
			{
				"name": "草料二维码生成器",
				"url": "https://cli.im/",
				"source": "互联网",
				"desc": "草料二维码生成器 输入URL生成二维码"
			}
		]
	},
	{
		"title": "空间搜索引擎",
		"content": [
			{
				"name": "FOFA.info 网络空间搜索引擎",
				"url": "https://fofa.info/",
				"source": "互联网",
				"desc": "FOFA.so 网络空间搜索引擎 建议购买会员使用"
			},
			{
				"name": "ZoomEye 钟馗之眼",
				"url": "https://www.zoomeye.org/",
				"source": "互联网",
				"desc": "ZoomEye 钟馗之眼 免费好像是一万条"
			},
			{
				"name": "360 网络空间资产测绘",
				"url": "https://quake.360.cn/quake/",
				"source": "互联网",
				"desc": "360 QUAKE 网络空间资产测绘"
			},
			{
				"name": "Shodan 网络空间设备搜索引擎",
				"url": "https://www.shodan.io/",
				"source": "互联网",
				"desc": "Shodan 网络空间设备搜索引擎"
			},
			{
				"name": "Censys 联网设备信息搜索引擎",
				"url": "https://censys.io/",
				"source": "互联网",
				"desc": "Censys 联网设备信息搜索引擎"
			},
			{
				"name": "ONYPHE",
				"url": "https://www.onyphe.io/",
				"source": "互联网",
				"desc": "ONYPHE - Cyber Defense Search Engine"
			},
			{
				"name": "DNSDB",
				"url": "https://dnsdb.io/",
				"source": "互联网",
				"desc": "DNSDB - 全球DNS搜索引擎"
			},
			{
				"name": "全球鹰",
				"url": "http://hunter.qianxin.com/",
				"source": "互联网",
				"desc": "全球鹰网络空间测绘搜索平台"
			},
			{
				"name": "FullHunt",
				"url": "https://fullhunt.io/",
				"source": "互联网",
				"desc": "FullHunt | Expose Your Attack Surface"
			},
			{
				"name": "零零信安",
				"url": "https://0.zone/",
				"source": "互联网",
				"desc": "零零信安 - 攻击面管理平台"
			},
			{
				"name": "Soall Search Engine",
				"url": "https://soall.org/",
				"source": "互联网",
				"desc": "Soall Search Engine（FOFA 海外版）"
			},
			{
				"name": "Netlas",
				"url": "https://app.netlas.io/responses/",
				"source": "互联网",
				"desc": "发现、研究和监控任何在线可用资产"
			},
			{
				"name": "Leakix",
				"url": "https://leakix.net/",
				"source": "互联网",
				"desc": "结合搜索引擎索引公共信息"
			},
			{
				"name": "DorkSearch",
				"url": "https://dorksearch.com/",
				"source": "互联网",
				"desc": "Google dorking 搜索"
			}
		]
	},
	{
		"title": "共享网盘类",
		"content": [
			{
				"name": "Anonymous File Upload",
				"url": "https://anonfiles.com/",
				"source": "互联网",
				"desc": "匿名文件上传共享 无需登录"
			},
			{
				"name": "cend.me",
				"url": "http://cend.me/",
				"source": "互联网",
				"desc": "直接文件传输 自动生成密码保护 无需登录"
			},
			{
				"name": "Catbox",
				"url": "https://catbox.moe/",
				"source": "互联网",
				"desc": "最多可以上传200MB的文件 无需登录"
			},
			{
				"name": "奶牛快传",
				"url": "https://cowtransfer.com/",
				"source": "互联网",
				"desc": "不登录也可以共享文件 购买会员更舒服"
			},
			{
				"name": "钛盘",
				"url": "https://app.tmp.link/",
				"source": "互联网",
				"desc": "国际化的文件存储协作平台 需要登录"
			},
			{
				"name": "MediaFire",
				"url": "https://app.mediafire.com/",
				"source": "互联网",
				"desc": "国外的文件共享平台 好像不需要登录"
			},
			{
				"name": "Seamless 应用",
				"url": "https://seamless.icu/",
				"source": "互联网",
				"desc": "Seamless 应用 文件传输助手"
			}
		]
	},
	{
		"title": "提权辅助类",
		"content": [
			{
				"name": "Windows提权辅助工具",
				"url": "https://i.hacking8.com/tiquan/",
				"source": "互联网",
				"desc": "hacking8 Windows提权辅助工具"
			},
			{
				"name": "Find Missing Patches",
				"url": "https://patchchecker.com/",
				"source": "互联网",
				"desc": "查找可能的提权漏洞"
			},
			{
				"name": "Kernelhub",
				"url": "https://github.com/Ascotbe/Kernelhub",
				"source": "互联网",
				"desc": "Windows 提权漏洞合集(带有编译环境/详细说明)  非在线工具！"
			},
			{
				"name": "dazzleUP",
				"url": "https://github.com/hlldz/dazzleUP",
				"source": "互联网",
				"desc": "dazzleUP - 一款win下辅助提权的小工具  非在线工具！"
			},
			{
				"name": "wesng",
				"url": "https://github.com/bitsadmin/wesng",
				"source": "互联网",
				"desc": "wesng - Windows利用辅助工具  非在线工具！"
			},
			{
				"name": "Windows-Exploit-Suggester",
				"url": "https://github.com/AonCyberLabs/Windows-Exploit-Suggester",
				"source": "互联网",
				"desc": "Windows-Exploit-Suggester Windows提权辅助 非在线工具！"
			},
			{
				"name": "windows-kernel-exploits",
				"url": "https://github.com/SecWiki/windows-kernel-exploits",
				"source": "互联网",
				"desc": "windows-kernel-exploits Windows平台提权漏洞集合 非在线工具！"
			},
			{
				"name": "linux-kernel-exploits",
				"url": "https://github.com/SecWiki/linux-kernel-exploits",
				"source": "互联网",
				"desc": "linux-kernel-exploits Linux平台提权漏洞集合 非在线工具！"
			}
		]
	},
	{
		"title": "编码小工具类",
		"content": [
			{
				"name": "在线编码小工具",
				"url": "https://forum.ywhack.com/coding.php",
				"source": "互联网",
				"desc": "在线编码小工具"
			},
			{
				"name": "Base64 在线解码、编码",
				"url": "https://the-x.cn/base64/",
				"source": "互联网",
				"desc": "Base64 在线解码、编码"
			},
			{
				"name": "在线工具 - 程序员的工具箱",
				"url": "https://tool.lu/",
				"source": "互联网",
				"desc": "在线工具 - 程序员的工具箱"
			}
		]
	},
	{
		"title": "邮箱收集类",
		"content": [
			{
				"name": "app.snov.io",
				"url": "https://app.snov.io/",
				"source": "互联网",
				"desc": "Snov.io 邮件营销收集邮箱"
			},
			{
				"name": "skymem.info",
				"url": "http://www.skymem.info/",
				"source": "互联网",
				"desc": "查找公司和人员的邮箱"
			},
			{
				"name": "微匹 通过网址搜邮箱",
				"url": "http://www.veryvp.com/Official/Index",
				"source": "互联网",
				"desc": "虽然搜集的数据不全，但是免费，还可以。"
			},
			{
				"name": "Find any email address",
				"url": "https://connect.clearbit.com/",
				"source": "互联网",
				"desc": "插件型的邮箱收集工具，听说效果不错。"
			},
			{
				"name": "FindThatLead 邮箱收集",
				"url": "https://findthatlead.com/",
				"source": "互联网",
				"desc": "挺不错的，需收费，默认只能看几条。"
			},
			{
				"name": "Find email addresses",
				"url": "https://hunter.io/",
				"source": "互联网",
				"desc": "这个数据也挺全，也是需要收费。"
			},
			{
				"name": "搜邮箱 | SOYOUXIANG",
				"url": "https://souyouxiang.com/",
				"source": "互联网",
				"desc": "免费的，但是数据不怎么样。"
			},
			{
				"name": "Phonebook.cz",
				"url": "https://phonebook.cz/",
				"source": "互联网",
				"desc": "Phonebook.cz 邮箱 域 URL在线搜集"
			}
		]
	},
	{
		"title": "匿名服务器类",
		"content": [
			{
				"name": "南极猫",
				"url": "http://www.nanjimao.com/",
				"source": "互联网",
				"desc": "云服务器"
			},
			{
				"name": "雨云",
				"url": "https://www.rainyun.com/",
				"source": "互联网",
				"desc": "云服务器"
			},
			{
				"name": "随想云",
				"url": "http://www.suixiang.cc/",
				"source": "互联网",
				"desc": "云服务器"
			},
			{
				"name": "圣信云",
				"url": "https://www.aiddos.com/",
				"source": "互联网",
				"desc": "云服务器"
			}
		]
	},
	{
		"title": "其它综合类",
		"content": [
			{
				"name": "Online EXIF GPS Steganography",
				"url": "https://lucasn-dev.github.io/EXIF-GPS-Steganography/",
				"source": "互联网",
				"desc": "在线EXIF GPS隐写术"
			},
			{
				"name": "从网页文本中一键提取域名",
				"url": "https://seo.juziseo.com/tools/domain/",
				"source": "互联网",
				"desc": "从网页文本中一键提取域名在线工具"
			},
			{
				"name": "PolymerizedSearch 多元广搜",
				"url": "http://ezharjan.gitee.io/polsearch/",
				"source": "互联网",
				"desc": "聚合搜索引擎 高校便捷的搜索工具"
			},
			{
				"name": "i Hate Regex - The Regex Cheat Sheet",
				"url": "https://ihateregex.io/",
				"source": "互联网",
				"desc": "正则表达式备忘录 - 正则生成"
			}
		]
	}
]
